customer_id,full_name,email,city,state,loyalty_tier,signup_date,extracted_at
1,Allison Hill,donaldgarcia@example.net,New Roberttown,CO,Bronze,2025-07-22,2026-09-21T01:48:16
2,Jonathan Johnson,jennifermiles@example.com,South Bridget,AS,Bronze,2026-01-05,2026-09-21T01:48:16
3,Olivia Moore,jpeterson@example.org,Curtisfurt,CT,Silver,2025-08-19,2026-09-21T01:48:16
4,Gregory Baker,blairamanda@example.com,New Kellystad,OK,Silver,2025-06-27,2026-09-21T01:48:16
5,Benjamin Stanley,tracie31@example.com,Shawnstad,GA,Bronze,2025-05-01,2026-09-21T01:48:16
6,Daniel Adams,lynchgeorge@example.net,East Steven,KY,Bronze,2025-11-08,2026-09-21T01:48:16
7,Margaret Hawkins DDS,perezantonio@example.com,Adamsborough,PW,Gold,2025-04-26,2026-09-21T01:48:29
8,Sherri Edwards,pfoster@example.com,West Donald,WA,Bronze,2026-06-02,2026-09-21T01:48:16
9,Deborah Richards,icox@example.net,Daviston,VI,Gold,2026-01-08,2026-09-21T01:48:16
10,Mark Conner,ycarlson@example.com,Riceside,VI,Silver,2025-04-05,2026-09-21T01:48:16
11,Melanie Wilson,kayla51@example.com,Mooretown,VA,Silver,2025-09-09,2026-09-21T01:48:16
12,Deborah Mason,williamrodriguez@example.net,Meaganhaven,PA,Bronze,2026-03-13,2026-09-21T01:48:16
13,James Martin,georgetracy@example.org,Natashaport,IA,Platinum,2025-11-05,2026-09-21T01:48:16
14,Shawn Arroyo,dennislisa@example.net,East Donna,OH,Bronze,2026-03-09,2026-09-21T01:48:16
15,Joseph Obrien,sarahcampos@example.net,Lake Larry,TN,Bronze,2026-04-23,2026-09-21T01:48:16
16,Jessica Holmes,wrightcaleb@example.org,New Jeffrey,CA,Silver,2026-03-17,2026-09-21T01:48:16
17,Amy Jones,heathchad@example.org,Elizabethborough,ND,Silver,2025-05-13,2026-09-21T01:48:16
18,Timothy Duncan,esanchez@example.com,North Collin,NE,Platinum,2025-08-04,2026-09-21T01:48:16
19,Jason Shields,nuneztracey@example.org,South Jessicaville,IA,Bronze,2026-04-21,2026-09-21T01:48:16
20,Joshua Taylor,joshuawright@example.org,Mortonside,CT,Gold,2026-01-24,2026-09-21T01:48:16
21,Zachary Huff,housemelinda@example.org,Tuckerborough,VI,Silver,2026-04-04,2026-09-21T01:48:16
22,Anthony Gray,ybaker@example.com,Rodneyside,TN,Bronze,2025-06-09,2026-09-21T01:48:16
23,Brittney Phillips,rileyamy@example.net,Brianshire,NJ,Silver,2025-11-18,2026-09-21T01:48:16
24,Sarah Moore,yorkcasey@example.org,South David,FM,Gold,2025-06-19,2026-09-21T01:48:16
25,Lauren Williams,barnesbrandy@example.net,Sarahborough,TN,Bronze,2025-07-11,2026-09-21T01:48:16
26,Cynthia Foster,stephen10@example.com,North Amandahaven,KS,Gold,2026-07-07,2026-09-21T01:48:29
27,Gregory Jones,mikemoore@example.net,Cherylhaven,AL,Bronze,2026-04-07,2026-09-21T01:48:16
28,Kristen Huynh,mcmillandennis@example.org,Lake Angelaview,LA,Silver,2026-03-28,2026-09-21T01:48:29
29,Michelle Harris,william40@example.org,Calderonton,AL,Silver,2025-12-28,2026-09-21T01:48:16
30,Carlos Whitney,joycearnold@example.com,North Charlesberg,ND,Silver,2025-06-11,2026-09-21T01:48:16
31,Jacob Tran,tanderson@example.com,East William,AK,Bronze,2025-09-21,2026-09-21T01:48:29
32,Richard Henson,vdickson@example.org,Port Francisco,AS,Bronze,2025-12-05,2026-09-21T01:48:16
33,Sierra Johnson,kimberly63@example.com,Port Jacqueline,MS,Silver,2026-04-22,2026-09-21T01:48:29
34,Shannon Walker,ybailey@example.org,North Donna,MO,Silver,2025-11-09,2026-09-21T01:48:16
35,Sean Rasmussen,michael86@example.net,Sheilaville,FM,Bronze,2025-05-26,2026-09-21T01:48:16
36,Cassandra Estes,benjamin96@example.com,Samuelhaven,DE,Gold,2025-05-01,2026-09-21T01:48:16
37,Kenneth Scott,zsmith@example.net,West Ryan,TN,Bronze,2026-05-14,2026-09-21T01:48:16
38,Lisa Alvarado,cortezkevin@example.com,Nguyenport,OH,Gold,2025-11-01,2026-09-21T01:48:16
39,Jason Bentley,christinaturner@example.net,West Justinchester,WY,Bronze,2026-02-15,2026-09-21T01:48:16
40,Mary Marshall,glowe@example.com,Lake Christopher,NY,Bronze,2026-08-23,2026-09-21T01:48:16
41,Lisa Davis,emilywalker@example.org,North Brandon,NJ,Bronze,2026-07-12,2026-09-21T01:48:16
42,Patricia Gibson,jennifercruz@example.com,East Diana,AL,Bronze,2025-08-19,2026-09-21T01:48:16
43,Shannon Mcclure,zrobinson@example.net,Williamsbury,PW,Silver,2025-12-24,2026-09-21T01:48:16
44,Joyce Solis,stephanie79@example.net,Rivasside,NV,Gold,2026-06-11,2026-09-21T01:48:16
45,Natasha Wells,karen48@example.com,South Christianport,MP,Bronze,2026-05-12,2026-09-21T01:48:29
46,Devon Flores,taylorjesse@example.net,Lake Jason,MT,Bronze,2025-08-18,2026-09-21T01:48:16
47,Joshua Perry,marissaprice@example.net,Port Nicoleshire,MS,Gold,2025-07-01,2026-09-21T01:48:29
48,Tommy Evans,acastaneda@example.net,South Jeffrey,NE,Bronze,2025-07-20,2026-09-21T01:48:16
49,Mr. Michael Yates,marycalhoun@example.net,South Brittanytown,CO,Silver,2025-09-09,2026-09-21T01:48:16
50,Brandy Murray,greenmark@example.com,Matthewfurt,KY,Silver,2026-06-05,2026-09-21T01:48:16
51,Sandra King,ruizkaitlyn@example.org,Jeffreyland,WI,Bronze,2026-04-28,2026-09-21T01:48:16
52,Amanda Johnson,jamessmith@example.org,East Thomas,DE,Bronze,2026-07-22,2026-09-21T01:48:16
53,Claudia Lyons,gary91@example.org,Danieltown,ME,Silver,2025-04-10,2026-09-21T01:48:16
54,Susan Brooks,charlesvaughn@example.net,North Heidi,ME,Silver,2025-07-25,2026-09-21T01:48:16
55,Lindsay Martinez,reedross@example.com,New Deborahtown,PR,Silver,2025-12-28,2026-09-21T01:48:16
56,John Hamilton,cynthia72@example.com,Lake Aimee,SD,Bronze,2026-03-13,2026-09-21T01:48:16
57,Robert Medina,umarshall@example.net,Marcusbury,MP,Bronze,2026-06-18,2026-09-21T01:48:16
58,Diana Hayes,qhudson@example.com,Anthonymouth,HI,Platinum,2025-04-02,2026-09-21T01:48:29
59,Mr. David Ramirez,angela83@example.org,Lake Richard,OH,Platinum,2025-12-24,2026-09-21T01:48:16
60,Melissa Brewer,bwest@example.org,Jeffreybury,ME,Bronze,2025-09-28,2026-09-21T01:48:16
61,Jackie Tran,ronald85@example.com,Nelsonview,IN,Gold,2025-07-16,2026-09-21T01:48:16
62,Corey Wilson,jamesrodgers@example.com,Tinaborough,LA,Gold,2026-01-29,2026-09-21T01:48:16
63,Christopher Smith,joshuamccann@example.net,Heidiberg,SC,Silver,2026-08-31,2026-09-21T01:48:16
64,Katherine Salas,taylor75@example.org,West Shelleyfort,DE,Bronze,2025-09-02,2026-09-21T01:48:16
65,Jennifer Jones,hernandezlisa@example.com,East Davidchester,PA,Bronze,2025-09-11,2026-09-21T01:48:16
66,Lisa Rowe,chayes@example.com,Torreston,RI,Silver,2025-03-30,2026-09-21T01:48:16
67,Annette Farmer,josephmiller@example.org,New Charles,AL,Bronze,2026-08-12,2026-09-21T01:48:16
68,Michael Harrison,halljasmine@example.net,Jonesbury,KS,Gold,2026-04-05,2026-09-21T01:48:16
69,Lori Guerrero,ronaldstephens@example.net,West Margaret,CA,Bronze,2026-02-07,2026-09-21T01:48:16
70,Ricky Larson,scott74@example.net,Benderhaven,ND,Gold,2025-12-01,2026-09-21T01:48:16
71,Bobby Williams MD,cassandra01@example.org,Port Emilyview,OK,Bronze,2025-06-18,2026-09-21T01:48:16
72,Peter Ruiz,lmoon@example.net,Waltersfort,CO,Platinum,2026-08-09,2026-09-21T01:48:29
73,Jason Morris,hodgemark@example.net,Robertsfurt,GU,Bronze,2025-08-05,2026-09-21T01:48:16
74,Amanda Miller,marcus68@example.org,Gutierrezborough,NC,Platinum,2026-07-29,2026-09-21T01:48:29
75,Peter Garrett,harrisandrea@example.com,Gilmorefort,DE,Bronze,2025-09-15,2026-09-21T01:48:16
76,Mark Lloyd,lancesmith@example.com,East Victoriaville,NH,Platinum,2026-06-06,2026-09-21T01:48:16
77,Maria Moore,william46@example.com,Sanchezside,FL,Silver,2025-10-21,2026-09-21T01:48:16
78,Thomas Romero,michellehill@example.com,Sarahhaven,KY,Platinum,2026-05-12,2026-09-21T01:48:16
79,Diane Evans,cgrimes@example.net,Reedside,WV,Bronze,2026-04-16,2026-09-21T01:48:16
80,Jordan Morris,tinaallen@example.com,Port Kimberly,AZ,Bronze,2026-09-10,2026-09-21T01:48:16
81,John Mcintyre,qhughes@example.net,South Tammie,DC,Silver,2025-12-08,2026-09-21T01:48:29
82,Leslie Kane,dgarcia@example.org,South Monica,FL,Silver,2026-03-11,2026-09-21T01:48:29
83,Richard Baker,vsantos@example.net,Finleyfort,VI,Silver,2025-11-20,2026-09-21T01:48:16
84,Lisa Young,wendy16@example.org,South Garrettport,MH,Bronze,2025-04-06,2026-09-21T01:48:16
85,Frederick Brown,nicholas23@example.net,Knightburgh,GA,Bronze,2025-05-29,2026-09-21T01:48:16
86,Leon Reyes,tyleraguilar@example.org,Littlemouth,KS,Gold,2025-05-01,2026-09-21T01:48:16
87,Stephanie Marshall,erica21@example.com,Vanessaport,SC,Bronze,2025-06-10,2026-09-21T01:48:16
88,Melissa Bryant,james67@example.org,South Ashley,OK,Silver,2026-01-09,2026-09-21T01:48:16
89,Michael Johnson,khill@example.net,New Julieport,WI,Bronze,2025-11-04,2026-09-21T01:48:16
90,Lisa Gomez,christinebyrd@example.net,Lake Colton,SC,Silver,2026-07-27,2026-09-21T01:48:29
91,Ellen Alexander,jessica14@example.com,Thompsonberg,WY,Gold,2026-07-27,2026-09-21T01:48:16
92,Valerie Schmidt,maria47@example.com,Lindamouth,CA,Bronze,2025-10-10,2026-09-21T01:48:16
93,Vincent Dalton,zcoffey@example.net,Christopherfurt,AL,Bronze,2026-06-14,2026-09-21T01:48:16
94,Caleb Richardson,brenda51@example.net,South Angel,FM,Bronze,2026-05-24,2026-09-21T01:48:16
95,Erin Bishop,reidsteven@example.net,Debraville,DC,Gold,2025-05-24,2026-09-21T01:48:29
96,Andrew Ferrell,davispaige@example.org,Chavezside,MT,Silver,2025-07-08,2026-09-21T01:48:29
97,Molly Mcclure,basschristina@example.com,Lake Mitchellmouth,NV,Gold,2026-03-12,2026-09-21T01:48:16
98,Savannah Garcia,amy50@example.com,Jamesville,PR,Bronze,2025-07-19,2026-09-21T01:48:16
99,Anna Lewis,williamsmatthew@example.org,North Maria,OH,Bronze,2025-10-10,2026-09-21T01:48:16
100,Daniel Kane,kim90@example.com,South Colinstad,PA,Bronze,2025-08-20,2026-09-21T01:48:29
101,Matthew Johnson,howardkristina@example.net,Alfredview,AR,Bronze,2026-01-09,2026-09-21T01:48:16
102,Jason Wilson,alvarezkimberly@example.net,South Williamton,VA,Bronze,2025-06-15,2026-09-21T01:48:16
103,Sharon Boyd,bschneider@example.org,Boonechester,TX,Bronze,2025-07-08,2026-09-21T01:48:16
104,Micheal Wallace,morriseddie@example.org,Claudiashire,OH,Platinum,2025-04-14,2026-09-21T01:48:29
105,Jane Harper,shawn96@example.org,Port Dianaside,VA,Silver,2025-11-27,2026-09-21T01:48:29
106,Jessica Beasley,dmorgan@example.com,Blairmouth,NE,Bronze,2026-08-09,2026-09-21T01:48:16
107,David Mckay,fjones@example.org,Davisstad,AS,Gold,2026-05-14,2026-09-21T01:48:16
108,Anthony Frye,elizabeth65@example.net,Parrishton,LA,Bronze,2025-09-14,2026-09-21T01:48:16
109,Heather Lane,ericolson@example.org,Meganstad,DE,Bronze,2026-05-03,2026-09-21T01:48:16
110,Laura Aguirre,lynchdiane@example.net,Anthonyview,UT,Bronze,2026-07-08,2026-09-21T01:48:16
111,Tammy Bell,mollyknight@example.com,East Joycetown,CO,Bronze,2026-08-10,2026-09-21T01:48:16
112,Cindy Barnes,eric45@example.net,North Ericton,TX,Bronze,2026-01-27,2026-09-21T01:48:16
113,Jeremy Coleman,nperry@example.net,West Russellport,TX,Silver,2025-05-28,2026-09-21T01:48:16
114,Katelyn Estrada,walkertracey@example.org,East Kevinborough,WI,Silver,2025-05-31,2026-09-21T01:48:16
115,David Murphy,jimenezryan@example.org,Patelbury,NY,Silver,2025-05-27,2026-09-21T01:48:29
116,Mary Gomez,chensley@example.com,South Samanthamouth,OK,Bronze,2026-07-31,2026-09-21T01:48:16
117,Jared Bowman,darius05@example.org,Collierstad,CO,Bronze,2025-09-07,2026-09-21T01:48:16
118,Brian Graham,zwarren@example.com,Jeffreyburgh,CA,Bronze,2026-09-01,2026-09-21T01:48:16
119,Ashley Hicks,michael23@example.org,West James,PA,Bronze,2025-10-06,2026-09-21T01:48:16
120,Peter Jones,kmarshall@example.net,Maldonadoshire,SD,Silver,2025-06-07,2026-09-21T01:48:16
121,Lori Lin,edward17@example.com,Laurashire,AR,Bronze,2025-11-25,2026-09-21T01:48:16
122,Benjamin Murray,brownmarie@example.org,New Brookefurt,NH,Silver,2025-12-07,2026-09-21T01:48:16
123,Tiffany Stevenson,colelisa@example.net,West Cassidy,NY,Silver,2025-05-09,2026-09-21T01:48:16
124,Antonio Garcia,toni18@example.net,North John,NV,Silver,2026-06-02,2026-09-21T01:48:16
125,Kelly Bishop MD,paul59@example.org,Cameronville,OH,Bronze,2026-09-16,2026-09-21T01:48:16
126,Diane Cummings,mathewaguilar@example.org,Kylefurt,DC,Bronze,2025-12-22,2026-09-21T01:48:16
127,Teresa Collins,vschneider@example.org,Lake Ellenhaven,MN,Bronze,2026-02-14,2026-09-21T01:48:16
128,Eric Bean,stacey73@example.org,East Chris,PR,Silver,2026-05-09,2026-09-21T01:48:29
129,Katie Fernandez,stanleynancy@example.net,New Nicholas,GA,Bronze,2026-01-31,2026-09-21T01:48:16
130,Michael Weber,jenniferwilliams@example.com,South Cheryl,WV,Bronze,2025-06-12,2026-09-21T01:48:16
131,Joann Ferguson,tammy73@example.com,Murrayport,WI,Bronze,2025-07-10,2026-09-21T01:48:16
132,Joseph Burch,laurietaylor@example.com,Lake Timothystad,OH,Bronze,2025-11-03,2026-09-21T01:48:16
133,Michelle Black,mitchellkathryn@example.com,Whiteheadberg,MP,Gold,2025-08-12,2026-09-21T01:48:16
134,Travis Walker,bwilkerson@example.com,South Waynebury,MS,Gold,2025-06-08,2026-09-21T01:48:16
135,Jade Johnson DVM,lacey20@example.com,Hortonberg,WV,Bronze,2026-04-12,2026-09-21T01:48:16
136,Joan Smith,smithjason@example.org,Rodriguezport,IA,Gold,2026-06-21,2026-09-21T01:48:16
137,Anthony Barnes,fbrown@example.net,Lake Zacharybury,VT,Silver,2026-02-02,2026-09-21T01:48:16
138,Jeffrey Mendez,ashleylopez@example.net,New Theresaland,NC,Silver,2025-04-07,2026-09-21T01:48:16
139,Rachel Romero,myerstheodore@example.net,Zavalaview,WA,Gold,2026-01-30,2026-09-21T01:48:16
140,Richard Cooper,ingramjill@example.com,North Michael,MA,Gold,2025-07-14,2026-09-21T01:48:16
141,Carrie Maxwell,epollard@example.net,Port Dennis,VT,Bronze,2025-08-14,2026-09-21T01:48:16
142,Judith Carter,moodynina@example.com,Zacharyside,NJ,Silver,2025-07-17,2026-09-21T01:48:16
143,Paul Lee,michelle05@example.com,Port Michealfurt,WA,Silver,2025-09-05,2026-09-21T01:48:29
144,Tyler Morgan,tylerjimenez@example.net,Lauriechester,CO,Silver,2025-10-31,2026-09-21T01:48:16
145,Zachary White,manuel15@example.net,Kirkchester,GA,Silver,2025-10-24,2026-09-21T01:48:16
146,Heather Williams,christina64@example.net,North Emilyfurt,MN,Bronze,2025-12-25,2026-09-21T01:48:16
147,Nicole Moore,thomascathy@example.com,East Carlosstad,MN,Gold,2025-12-12,2026-09-21T01:48:16
148,Keith Jacobs,xrush@example.com,New Devinstad,MO,Bronze,2025-05-21,2026-09-21T01:48:16
149,Donald Horne,fitzgeraldvictor@example.com,West Kimberlymouth,IL,Gold,2026-06-06,2026-09-21T01:48:16
150,Donna Hendricks DDS,taylorcharles@example.org,Osbornmouth,TN,Bronze,2025-05-14,2026-09-21T01:48:16
151,Austin Daniels,melissa25@example.net,North Tracie,WY,Silver,2025-08-10,2026-09-21T01:48:16
152,Richard Johnson,tanner82@example.net,North Kylefort,NC,Bronze,2025-12-23,2026-09-21T01:48:16
153,Jason Andrews,teresaday@example.com,Frazierstad,DC,Silver,2026-06-25,2026-09-21T01:48:16
154,Penny Bowman,katrinaanderson@example.net,Port Davidberg,ME,Silver,2026-06-10,2026-09-21T01:48:16
155,Frank Fletcher,stacey84@example.org,Jamesside,KY,Bronze,2025-07-22,2026-09-21T01:48:16
156,Eric Ferguson,brittanycarpenter@example.org,Meganshire,AZ,Bronze,2025-08-29,2026-09-21T01:48:16
157,Alyssa Williams,debra96@example.net,South Pamelaside,LA,Silver,2026-04-12,2026-09-21T01:48:16
158,Elizabeth Sanchez,eevans@example.net,East Scottfort,NH,Bronze,2025-08-28,2026-09-21T01:48:16
159,Lawrence Edwards,jessica56@example.org,Zacharyville,MD,Bronze,2025-05-11,2026-09-21T01:48:16
160,Bryan Cole,colinroberts@example.com,Wrightburgh,GU,Platinum,2025-05-09,2026-09-21T01:48:29
161,Kenneth Edwards,tyronerobertson@example.com,Tylerland,MO,Silver,2025-10-31,2026-09-21T01:48:16
162,Tracy Lewis,brandon47@example.net,Mitchelltown,PR,Bronze,2025-07-13,2026-09-21T01:48:16
163,Cesar Baker,kathryn50@example.com,New Annastad,OH,Platinum,2026-05-20,2026-09-21T01:48:16
164,James Cole,marcia99@example.org,North Phillip,WY,Platinum,2025-09-04,2026-09-21T01:48:29
165,Ms. Holly Thomas,cporter@example.org,Lake Mason,NJ,Gold,2025-11-27,2026-09-21T01:48:16
166,Brittany Barry,markaustin@example.org,Ewingport,OR,Gold,2025-09-27,2026-09-21T01:48:16
167,Ronald Patel,thomas05@example.com,Lake Mark,WI,Bronze,2025-04-24,2026-09-21T01:48:29
168,Walter Patton,jennifersilva@example.org,Hernandezbury,AZ,Gold,2026-03-05,2026-09-21T01:48:29
169,Melody Lee,jedwards@example.com,South Warren,RI,Gold,2026-05-25,2026-09-21T01:48:16
170,Shelley Fitzgerald,thorntonapril@example.net,Whitneyfort,NC,Bronze,2025-12-09,2026-09-21T01:48:16
171,Tyler Stevens,amy49@example.com,East Joshua,ME,Bronze,2025-07-18,2026-09-21T01:48:16
172,William Evans,janet75@example.com,Annview,LA,Gold,2025-05-08,2026-09-21T01:48:16
173,Michael James,xcardenas@example.org,Bobbyland,MI,Bronze,2025-11-12,2026-09-21T01:48:16
174,Mary Burgess,jamesryan@example.net,Derrickshire,IA,Bronze,2026-07-14,2026-09-21T01:48:16
175,Michael Schmidt,briangutierrez@example.net,Garciaberg,AL,Bronze,2025-11-18,2026-09-21T01:48:16
176,Vanessa Moore,mwoods@example.com,Carlshire,FM,Bronze,2025-10-13,2026-09-21T01:48:29
177,Marissa Hall,gentrygregory@example.org,Port Randyfort,HI,Gold,2026-01-09,2026-09-21T01:48:16
178,Tonya Howe,smithashley@example.org,Justinside,NC,Bronze,2026-01-09,2026-09-21T01:48:16
179,Todd Rosales MD,lisarivera@example.net,Wongburgh,AL,Bronze,2026-09-02,2026-09-21T01:48:16
180,Rachel Bradley,gregorychase@example.com,Robertsonland,MO,Gold,2026-03-04,2026-09-21T01:48:16
181,Cathy Taylor,shari04@example.com,South Karen,MA,Gold,2025-07-26,2026-09-21T01:48:16
182,Nathan Smith,heather01@example.com,Erikhaven,MH,Bronze,2025-12-22,2026-09-21T01:48:16
183,Patricia Vaughn,michael33@example.org,Hernandezstad,MT,Bronze,2025-12-26,2026-09-21T01:48:16
184,Susan Todd,kathleenbecker@example.net,New Seanstad,CA,Bronze,2026-06-17,2026-09-21T01:48:16
185,Ashley Poole,ashleyhernandez@example.com,Wilsonborough,VT,Bronze,2026-02-14,2026-09-21T01:48:16
186,Ann Dixon,chavezwilliam@example.com,New Stevenport,VA,Bronze,2026-09-04,2026-09-21T01:48:16
187,David Smith,bethwilliams@example.com,New Virginialand,NJ,Bronze,2025-10-10,2026-09-21T01:48:16
188,Jason Mack,ybrooks@example.com,Bennettside,DC,Bronze,2026-06-19,2026-09-21T01:48:16
189,Hannah White,urice@example.org,Port Andrewport,NH,Bronze,2025-10-17,2026-09-21T01:48:16
190,Kimberly Patel,johnreed@example.com,Lake Kathy,AZ,Gold,2025-06-09,2026-09-21T01:48:16
191,Jennifer Miranda,allencarlos@example.net,South Carlaton,IA,Silver,2026-03-03,2026-09-21T01:48:16
192,Jennifer Young,karenparsons@example.org,Jimshire,MD,Silver,2025-08-04,2026-09-21T01:48:16
193,Patricia Cardenas,kevinthomas@example.net,South Kevin,AR,Bronze,2026-01-31,2026-09-21T01:48:16
194,Leslie Moss,conniesimmons@example.com,West Shellyfurt,WY,Bronze,2026-05-22,2026-09-21T01:48:16
195,Melissa Russell,nicholas87@example.org,West Meredith,FL,Silver,2026-01-26,2026-09-21T01:48:16
196,Suzanne Hart,igrant@example.com,West James,SD,Bronze,2025-10-12,2026-09-21T01:48:16
197,Jerry Watson,brettbennett@example.net,Port Charlesshire,VA,Gold,2026-04-22,2026-09-21T01:48:29
198,Claire Clark,kevin03@example.org,Lake Yvonnefort,PW,Silver,2025-09-24,2026-09-21T01:48:16
199,Larry Harris,andrearowe@example.com,Fergusonstad,ME,Bronze,2026-02-01,2026-09-21T01:48:16
200,Jose Crawford,langjennifer@example.com,West Lawrence,AZ,Bronze,2025-03-30,2026-09-21T01:48:16
201,Connie Thomas,angela99@example.net,Phillipsborough,MA,Bronze,2025-10-31,2026-09-21T01:48:16
202,Kelly Sanchez,jonathan77@example.com,Lake Laura,GA,Bronze,2026-02-22,2026-09-21T01:48:16
203,Joshua White,warrenmary@example.org,Port Adamberg,MP,Silver,2026-06-25,2026-09-21T01:48:16
204,Andrea Hernandez,williambrooks@example.net,Hopkinstown,AL,Silver,2026-09-04,2026-09-21T01:48:29
205,Jennifer Smith,amanda40@example.net,Drakeburgh,CT,Silver,2025-09-19,2026-09-21T01:48:16
206,Kelly Allen,lisa46@example.org,Susanmouth,OK,Bronze,2026-01-14,2026-09-21T01:48:16
207,Michael Evans,valdezmichele@example.org,South Nicholasside,NJ,Bronze,2026-03-08,2026-09-21T01:48:16
208,Adam Jackson,pbruce@example.com,New Samanthabury,IL,Silver,2025-11-25,2026-09-21T01:48:16
209,Melissa Knight,brandon14@example.net,East Sarahmouth,AK,Gold,2025-11-15,2026-09-21T01:48:16
210,Laurie Goodwin,thickman@example.org,New Mary,MS,Bronze,2025-08-27,2026-09-21T01:48:16
211,Kimberly Reyes,krystalnorris@example.org,Brianchester,IN,Platinum,2025-12-05,2026-09-21T01:48:16
212,Gina Mack,unovak@example.org,Kristenmouth,NM,Bronze,2025-06-12,2026-09-21T01:48:16
213,Juan Bennett,eringuerrero@example.org,Laurenland,CO,Silver,2025-10-15,2026-09-21T01:48:16
214,James Bowers,jodistewart@example.org,North Sherrymouth,MN,Bronze,2026-04-27,2026-09-21T01:48:16
215,Ashley Miller,jcole@example.net,Garcialand,MI,Silver,2025-12-04,2026-09-21T01:48:29
216,Linda Mueller,asmith@example.com,Lake Rachelbury,OK,Gold,2025-04-04,2026-09-21T01:48:16
217,Melissa Jackson,kevin72@example.org,South Joshua,ME,Silver,2025-07-17,2026-09-21T01:48:16
218,Mr. David Wright,mwheeler@example.com,East Kevinfurt,MA,Bronze,2025-11-09,2026-09-21T01:48:16
219,Jamie Atkins,pcook@example.net,West Malik,UT,Bronze,2026-09-11,2026-09-21T01:48:16
220,Ernest Oconnell,kelly79@example.org,Nicholasfurt,MN,Gold,2025-12-10,2026-09-21T01:48:16
221,Justin Vargas,erinpierce@example.net,Hahnborough,NV,Silver,2025-08-01,2026-09-21T01:48:29
222,Sandra Jones,ichambers@example.net,Johnberg,VT,Silver,2026-07-18,2026-09-21T01:48:16
223,James Cole,iaguilar@example.net,Stephensstad,UT,Platinum,2026-02-17,2026-09-21T01:48:16
224,Kimberly Little,rodriguezjohn@example.net,Lake Debra,ND,Silver,2026-06-26,2026-09-21T01:48:29
225,Miss Jennifer Goodwin,grodriguez@example.com,Juliechester,MH,Bronze,2026-08-28,2026-09-21T01:48:29
226,Laura Griffin,rford@example.net,Port Lindachester,MA,Gold,2026-06-29,2026-09-21T01:48:29
227,Jason Nixon,guerrajessica@example.com,Matthewborough,NC,Bronze,2026-07-29,2026-09-21T01:48:16
228,Mr. Jeffrey Horton,carlos01@example.org,Deborahburgh,WA,Gold,2025-12-08,2026-09-21T01:48:16
229,Christopher Moore,omullen@example.com,Lake Curtis,WA,Silver,2026-01-07,2026-09-21T01:48:29
230,Omar Ware,yvargas@example.org,East Joshua,VT,Bronze,2026-09-14,2026-09-21T01:48:16
231,Amy Garcia,michaelgonzalez@example.org,Emilyfort,NC,Bronze,2025-11-29,2026-09-21T01:48:16
232,Emily Price,wmatthews@example.com,Williamsonport,PW,Silver,2025-06-17,2026-09-21T01:48:16
233,Angela Anderson,allendaryl@example.com,New Paul,PA,Bronze,2025-11-25,2026-09-21T01:48:16
234,James Lopez,angelaburns@example.org,New Cynthiaside,VA,Gold,2026-02-20,2026-09-21T01:48:29
235,Ian Smith,jamescruz@example.net,Ortizfort,MT,Silver,2025-06-20,2026-09-21T01:48:29
236,Jill Jackson,flynnjeffrey@example.org,Jeffreyport,GA,Bronze,2025-11-21,2026-09-21T01:48:16
237,Krystal Barton,hdunn@example.net,West Kimberlystad,ND,Silver,2025-09-02,2026-09-21T01:48:16
238,Amanda Ball,veronicagarcia@example.net,West Nancy,AZ,Bronze,2025-06-03,2026-09-21T01:48:16
239,Gregory Montoya,hgrimes@example.org,Port Joan,UT,Silver,2026-03-03,2026-09-21T01:48:29
240,Michael Chen,christinaglover@example.org,New Michaelview,PA,Bronze,2026-05-29,2026-09-21T01:48:16
241,Erica Padilla,ashley81@example.org,Sellersview,VI,Bronze,2026-06-03,2026-09-21T01:48:16
242,Meredith Anderson,jenniferpoole@example.net,Burnsshire,SC,Gold,2025-04-19,2026-09-21T01:48:16
243,Jason Hayes,powellkara@example.net,Shawnfort,MD,Bronze,2026-04-23,2026-09-21T01:48:16
244,Sheila Boone,simonstephen@example.net,Melissaside,MO,Bronze,2026-03-25,2026-09-21T01:48:16
245,Jeffrey Lewis,marcus45@example.net,New Melissa,WY,Gold,2026-05-03,2026-09-21T01:48:16
246,Michael Williams,simsmary@example.org,Port Ericmouth,AL,Bronze,2026-06-02,2026-09-21T01:48:16
247,Jessica Forbes DVM,erik41@example.net,Johnstad,TN,Bronze,2025-11-10,2026-09-21T01:48:16
248,Carol Sanders,jessica36@example.net,Lake Codyborough,NJ,Bronze,2026-01-03,2026-09-21T01:48:16
249,Kevin Stone,ssmith@example.com,Port Robertberg,NJ,Bronze,2025-04-28,2026-09-21T01:48:16
250,James Cross,garciamichael@example.com,South Kiara,WV,Silver,2026-05-18,2026-09-21T01:48:16
251,Margaret Byrd,morenoalan@example.net,South Michael,IL,Platinum,2026-07-21,2026-09-21T01:48:29
252,Brittany Jenkins,fheath@example.org,Port David,VA,Gold,2025-04-26,2026-09-21T01:48:16
253,Victor Edwards,johnnewman@example.org,Kimberlytown,PR,Bronze,2025-04-26,2026-09-21T01:48:16
254,Sheri Harris,juliephillips@example.org,South Paul,IA,Bronze,2026-06-11,2026-09-21T01:48:16
255,Mr. Joseph Levine DVM,david96@example.com,Port Thomas,WI,Bronze,2026-07-15,2026-09-21T01:48:16
256,Kevin Smith,billbrown@example.com,Courtneyhaven,WI,Bronze,2025-12-21,2026-09-21T01:48:16
257,Michael Miller,joshuacollins@example.net,Port Eric,MD,Bronze,2025-11-01,2026-09-21T01:48:16
258,Mark Davenport,collinssamuel@example.org,East Christopherchester,DE,Silver,2026-03-10,2026-09-21T01:48:16
259,Lee Parker,davidzimmerman@example.net,East Tylerstad,NC,Bronze,2026-04-22,2026-09-21T01:48:16
260,Samantha Green,david41@example.org,Lindsayview,NC,Bronze,2026-06-04,2026-09-21T01:48:16
261,Michael Ray,crawfordwilliam@example.org,Villarrealburgh,MN,Bronze,2025-06-21,2026-09-21T01:48:16
262,Raymond Shannon,perezwilliam@example.org,East Brandonstad,MS,Platinum,2025-05-22,2026-09-21T01:48:16
263,Cassidy Horne,tranrobin@example.net,Walkerbury,MT,Bronze,2026-03-23,2026-09-21T01:48:16
264,Erica Mckenzie,david02@example.org,South Caseymouth,VI,Silver,2025-06-08,2026-09-21T01:48:16
265,Ryan Murphy,msmith@example.com,Jodibury,NH,Silver,2025-05-10,2026-09-21T01:48:16
266,Wesley Cuevas,jessicapayne@example.org,North Sarah,AK,Bronze,2025-12-08,2026-09-21T01:48:16
267,Gregory Franco,tapiaaaron@example.net,Sweeneyport,CT,Silver,2025-04-19,2026-09-21T01:48:16
268,William Barnes,kaufmandouglas@example.com,North Samanthahaven,MT,Bronze,2025-11-29,2026-09-21T01:48:16
269,Jacqueline Villegas,carpenterwilliam@example.net,Jonesshire,AR,Silver,2025-07-25,2026-09-21T01:48:16
270,Victor Young,melissa65@example.com,Nelsonland,ID,Bronze,2025-11-08,2026-09-21T01:48:16
271,Randy Rodriguez,martinsteven@example.com,Lindsaymouth,ND,Silver,2025-12-17,2026-09-21T01:48:29
272,Derek Wilson,lindseytorres@example.net,East Marymouth,FL,Silver,2025-09-17,2026-09-21T01:48:16
273,David Kelly,byrdjorge@example.org,South Melissaside,WA,Silver,2025-07-25,2026-09-21T01:48:16
274,Anna Garcia,davidbrown@example.org,East Madison,MN,Platinum,2025-09-13,2026-09-21T01:48:29
275,Teresa Miller,samantha10@example.org,Lake Scott,DC,Silver,2025-07-18,2026-09-21T01:48:16
276,Ryan Lamb,williamssteven@example.org,Underwoodfurt,NM,Silver,2026-02-12,2026-09-21T01:48:16
277,Michael Thompson,rebekahhill@example.com,North Christina,RI,Silver,2026-04-18,2026-09-21T01:48:29
278,Edward Jenkins,rbrown@example.com,South James,FM,Bronze,2025-10-19,2026-09-21T01:48:16
279,Danielle Mcknight,mayokimberly@example.com,Stephensfort,MI,Bronze,2025-12-03,2026-09-21T01:48:16
280,Kathryn Price,anthonyharper@example.org,Brianfort,NC,Gold,2026-02-01,2026-09-21T01:48:16
281,Kevin Hall,craigsandoval@example.com,Port Wendybury,OK,Silver,2025-07-31,2026-09-21T01:48:16
282,Rebecca Kelly,gregorywatkins@example.net,North Judithbury,IN,Bronze,2025-05-11,2026-09-21T01:48:29
283,Theresa Elliott,marycochran@example.com,Gregoryton,CO,Silver,2026-06-11,2026-09-21T01:48:16
284,Kyle Smith,nsmith@example.org,West Jennifer,PW,Bronze,2025-06-08,2026-09-21T01:48:16
285,Sheena Brown,brendastark@example.org,Susanstad,VT,Silver,2026-03-14,2026-09-21T01:48:29
286,Jennifer Garcia,marcus26@example.net,Banksburgh,VT,Gold,2026-06-03,2026-09-21T01:48:16
287,Melissa Mcfarland,jeffrey92@example.com,Jessicaport,DC,Bronze,2025-07-16,2026-09-21T01:48:16
288,Aaron Miles,xrosales@example.net,East Carriebury,SC,Silver,2026-04-04,2026-09-21T01:48:16
289,Taylor Taylor,youngtoni@example.org,Port Jennamouth,NV,Silver,2026-07-13,2026-09-21T01:48:16
290,Daniel Steele,jonathan10@example.org,Kimchester,GA,Bronze,2026-06-18,2026-09-21T01:48:16
291,Katherine Gray,egarcia@example.net,East Shannon,AS,Platinum,2026-09-15,2026-09-21T01:48:16
292,Elizabeth Flores,jonesgeorge@example.com,Lake Charles,MH,Silver,2025-12-31,2026-09-21T01:48:16
293,Gail Galloway,bbush@example.net,New Pamela,GA,Bronze,2026-08-07,2026-09-21T01:48:16
294,Gary Mccann,uterry@example.net,Donnaport,IA,Bronze,2025-12-29,2026-09-21T01:48:16
295,James Dunn,xhernandez@example.org,Millerfort,ID,Gold,2025-12-06,2026-09-21T01:48:16
296,Daniel Little,wellsdarrell@example.com,Burnsview,CO,Bronze,2025-06-26,2026-09-21T01:48:16
297,Jasmine Watson,cwood@example.org,Scottview,IN,Silver,2026-07-04,2026-09-21T01:48:29
298,Kristy Hernandez,millermaurice@example.net,Arellanoshire,IN,Silver,2026-07-18,2026-09-21T01:48:16
299,Sara Cardenas,rsheppard@example.com,South Kent,MO,Bronze,2026-04-22,2026-09-21T01:48:16
300,Michelle Shaw,davidtodd@example.org,East Lindsey,DC,Gold,2026-08-18,2026-09-21T01:48:16
301,Blake Vega,wendyburton@example.net,Port Craig,KY,Bronze,2025-10-02,2026-09-21T01:48:29
302,James Nguyen,april09@example.net,Rodriguezberg,FL,Silver,2026-03-28,2026-09-21T01:48:16
303,Lauren Hanna,buckleyanna@example.org,Mikaylastad,FM,Bronze,2026-03-13,2026-09-21T01:48:16
304,James Washington,rjohnson@example.com,New Charlotte,UT,Silver,2026-01-06,2026-09-21T01:48:16
305,James Koch,brandonalvarez@example.com,Andrewport,ME,Gold,2026-09-10,2026-09-21T01:48:16
306,John Horton,comptonjeremy@example.com,Schroedermouth,KY,Bronze,2025-06-25,2026-09-21T01:48:16
307,Lisa Davis,alewis@example.net,Malonestad,GU,Bronze,2026-05-20,2026-09-21T01:48:16
308,Rick Jones,htaylor@example.net,East Jamesborough,MP,Silver,2025-12-01,2026-09-21T01:48:16
309,Andrew Williams,janet45@example.com,Reidville,TX,Bronze,2026-08-14,2026-09-21T01:48:16
310,Jaime Wheeler,susanwells@example.net,Maxview,WA,Bronze,2025-04-16,2026-09-21T01:48:16
311,Ann Johnson,martinashley@example.org,Lake Jeffrey,IL,Bronze,2025-11-11,2026-09-21T01:48:16
312,Jason Smith,wellsdavid@example.org,East Johnnyport,VT,Bronze,2025-12-04,2026-09-21T01:48:16
313,Maria Coleman,dyork@example.com,South Kevin,NC,Bronze,2026-04-11,2026-09-21T01:48:16
314,Jennifer Garcia,anna99@example.com,Gabriellefort,CA,Bronze,2026-03-17,2026-09-21T01:48:16
315,Donald Nguyen,jose43@example.org,North Linda,AS,Bronze,2026-03-03,2026-09-21T01:48:16
316,Jennifer Flores,jenniferrios@example.com,Rebeccafurt,MS,Bronze,2026-07-07,2026-09-21T01:48:16
317,Lauren Cooley,matthewreeves@example.net,Knoxstad,NY,Bronze,2025-12-12,2026-09-21T01:48:16
318,Christopher Sandoval,kellyruiz@example.net,Jessicaside,WV,Bronze,2025-10-13,2026-09-21T01:48:16
319,Theresa Lam,walkerjeffrey@example.com,Frenchmouth,MN,Bronze,2025-10-05,2026-09-21T01:48:16
320,Edward York,obrown@example.net,South Pamelahaven,DE,Bronze,2026-08-07,2026-09-21T01:48:16
321,Jane Evans,pittsedward@example.org,Robertshire,MH,Silver,2026-09-18,2026-09-21T01:48:16
322,Judith Stewart,kimberlyfreeman@example.net,West Cynthia,AL,Gold,2025-07-10,2026-09-21T01:48:16
323,Daniel Ayala,tracygallagher@example.org,New Ryan,NE,Bronze,2026-01-27,2026-09-21T01:48:16
324,Vincent Reyes,fergusonjessica@example.org,Katherinehaven,ID,Silver,2025-09-29,2026-09-21T01:48:29
325,Aaron Gross,heathercooper@example.org,South Wesleyport,GA,Bronze,2025-08-06,2026-09-21T01:48:16
326,Angel Fry,mluna@example.net,Ryanberg,MA,Silver,2025-05-24,2026-09-21T01:48:16
327,Katherine Christensen MD,osmith@example.net,East Jessica,OR,Silver,2025-08-06,2026-09-21T01:48:16
328,Barbara Dawson,brooksdanielle@example.net,New Virginiaville,SD,Bronze,2026-08-14,2026-09-21T01:48:16
329,Amber Wilson,jjames@example.com,Milesborough,UT,Silver,2025-04-11,2026-09-21T01:48:16
330,Alexandra Fisher,batesjoseph@example.net,South Maria,CT,Bronze,2026-07-23,2026-09-21T01:48:16
331,Lisa Campbell,jimenezchelsea@example.com,West Jade,LA,Bronze,2026-03-13,2026-09-21T01:48:16
332,Joshua Lozano,arivera@example.org,North Maryfort,FL,Bronze,2025-05-21,2026-09-21T01:48:16
333,Penny Jones,conwaydawn@example.com,Coxberg,NY,Bronze,2026-08-01,2026-09-21T01:48:29
334,Shelly Phelps,laurie56@example.net,North Melissaton,AL,Bronze,2025-06-04,2026-09-21T01:48:16
335,Mary Jackson,patricia94@example.net,West Lisaburgh,DE,Silver,2025-06-13,2026-09-21T01:48:16
336,Victor Nelson,evaughn@example.com,North David,VA,Bronze,2025-05-23,2026-09-21T01:48:16
337,Tommy Moore,epruitt@example.net,Whitefurt,WI,Bronze,2026-02-04,2026-09-21T01:48:16
338,Allen Cohen,timothyfreeman@example.com,Williamsview,SD,Bronze,2025-12-09,2026-09-21T01:48:16
339,Michael Gregory,tiffanysantiago@example.com,South Dorothybury,NJ,Silver,2026-05-30,2026-09-21T01:48:16
340,Michael Cruz,smithsarah@example.net,Christianburgh,CA,Silver,2025-11-16,2026-09-21T01:48:16
341,Erica Rivera,brent38@example.net,Powellbury,CO,Bronze,2026-04-23,2026-09-21T01:48:16
342,Robert West,hwest@example.com,North Richardton,OH,Bronze,2026-06-26,2026-09-21T01:48:16
343,Samantha Conner,pamela83@example.net,Clementsstad,GU,Bronze,2026-06-12,2026-09-21T01:48:16
344,Daniel Gibson,xmoran@example.net,Wilsonbury,AL,Silver,2025-05-30,2026-09-21T01:48:16
345,Ronald Brandt,amy51@example.org,South Donald,VT,Platinum,2025-07-09,2026-09-21T01:48:29
346,Jennifer King,jacobconrad@example.com,South Makayla,ID,Silver,2025-10-28,2026-09-21T01:48:16
347,Ashley Perry,bartonshannon@example.net,South Adam,WA,Silver,2025-12-25,2026-09-21T01:48:16
348,Timothy Roberson,xglass@example.org,Lake Lisa,CT,Bronze,2025-09-06,2026-09-21T01:48:16
349,Kyle Andrade,mbarnes@example.net,West Raymond,MA,Silver,2025-06-14,2026-09-21T01:48:29
350,Jodi Anderson,vmorrison@example.net,Meganside,VI,Bronze,2026-05-22,2026-09-21T01:48:16
351,Norman Spencer,jamesweber@example.com,Samanthaberg,VT,Bronze,2026-07-24,2026-09-21T01:48:16
352,Tina Gordon,jennifer58@example.com,Craigside,LA,Bronze,2025-11-22,2026-09-21T01:48:16
353,Jenny Smith,johnsondustin@example.net,East Josephburgh,LA,Gold,2026-01-13,2026-09-21T01:48:29
354,Brianna Brown,james80@example.com,Garciaside,VI,Bronze,2026-07-07,2026-09-21T01:48:16
355,Matthew Price,heather06@example.com,Fryemouth,OH,Gold,2025-11-24,2026-09-21T01:48:16
356,Patrick Harris,ogreer@example.net,Kariside,WA,Bronze,2025-10-18,2026-09-21T01:48:16
357,Patty Brandt,shane12@example.org,South Billyview,OH,Silver,2025-11-15,2026-09-21T01:48:16
358,Christopher Singleton,riverajenna@example.org,East Sarahton,WI,Gold,2025-12-27,2026-09-21T01:48:16
359,Lisa Stanley,jtyler@example.com,Port Jasminehaven,IN,Bronze,2025-06-11,2026-09-21T01:48:16
360,Kelly Hartman,robertherrera@example.org,Jeffreyborough,TN,Silver,2026-02-07,2026-09-21T01:48:16
361,Isaac Robinson,wbarajas@example.net,North Elizabethmouth,IA,Bronze,2026-01-19,2026-09-21T01:48:16
362,Lisa Oliver,flemingmanuel@example.org,Scottport,AK,Silver,2026-07-22,2026-09-21T01:48:16
363,Samantha Brooks,stucker@example.net,West Willie,CT,Gold,2026-05-16,2026-09-21T01:48:16
364,Tyler Medina,simsjason@example.net,Port Gina,MP,Silver,2026-08-24,2026-09-21T01:48:29
365,Joshua Park,elucas@example.net,North Stephen,MA,Bronze,2026-06-21,2026-09-21T01:48:16
366,Benjamin Thompson,angela93@example.com,Hughesfurt,NE,Gold,2025-05-09,2026-09-21T01:48:16
367,James Wilson,maychristine@example.net,Lake Melaniestad,NY,Silver,2026-02-23,2026-09-21T01:48:16
368,Richard Turner,campbellsara@example.com,Shorttown,NJ,Silver,2025-04-25,2026-09-21T01:48:29
369,Daniel Francis,susan24@example.net,Susantown,OH,Platinum,2025-04-20,2026-09-21T01:48:16
370,Brenda Williams,fmedina@example.com,Lake Judith,VA,Silver,2025-12-30,2026-09-21T01:48:16
371,Jason Brewer,eugenewalker@example.com,Reidstad,GA,Bronze,2025-09-25,2026-09-21T01:48:29
372,Amy Potter,enewman@example.com,West Coreyshire,NM,Gold,2026-06-25,2026-09-21T01:48:16
373,Heather Lambert,craigharvey@example.org,Toddmouth,RI,Platinum,2025-10-01,2026-09-21T01:48:16
374,Melissa Hernandez,lindsey62@example.org,East Steven,KY,Silver,2026-06-19,2026-09-21T01:48:29
375,Jessica Larsen,erinrivera@example.com,Griffinport,NM,Platinum,2026-08-15,2026-09-21T01:48:16
376,Casey Obrien,michele28@example.org,Jessicaland,VA,Bronze,2026-07-24,2026-09-21T01:48:16
377,Albert Hunter,hessbeth@example.net,North Andrea,ND,Bronze,2026-03-06,2026-09-21T01:48:16
378,Kimberly Valdez,michaelwalker@example.net,Dennishaven,NY,Gold,2025-07-15,2026-09-21T01:48:16
379,Jack Smith,melaniedrake@example.net,Port Willie,NV,Bronze,2026-03-02,2026-09-21T01:48:16
380,Keith Knight,jillwebb@example.com,East Lydiamouth,MO,Bronze,2026-08-19,2026-09-21T01:48:29
381,David Barnett,paul70@example.org,Dakotahaven,SC,Gold,2026-05-14,2026-09-21T01:48:16
382,Sandy Baker,nicholasgray@example.net,New Johnbury,NC,Bronze,2025-05-06,2026-09-21T01:48:16
383,Robert Reed,aeaton@example.net,South Gabriel,CA,Bronze,2026-02-15,2026-09-21T01:48:16
384,Diana Hernandez,michaellove@example.org,South Lisa,VA,Platinum,2025-07-26,2026-09-21T01:48:16
385,Michael Mendoza,deborahjenkins@example.org,East Ashleyburgh,DC,Gold,2026-05-17,2026-09-21T01:48:16
386,Amanda Armstrong,jacksonsandra@example.net,Greeneshire,SC,Silver,2025-03-31,2026-09-21T01:48:16
387,Nathan Stanley,stacey37@example.net,Dillonburgh,IN,Bronze,2026-07-16,2026-09-21T01:48:16
388,Lindsay Norton,cindydixon@example.org,Sandrashire,CA,Silver,2025-10-08,2026-09-21T01:48:29
389,James Rodriguez,alexandrablankenship@example.net,Serranoville,HI,Gold,2026-08-22,2026-09-21T01:48:29
390,Lucas Williams,davisdonna@example.net,Port Erikachester,NC,Silver,2025-05-21,2026-09-21T01:48:29
391,Shaun Wolfe,zperez@example.com,Bellshire,CT,Gold,2025-08-11,2026-09-21T01:48:16
392,David Cannon,campbellnancy@example.com,Jacobtown,OK,Gold,2026-06-21,2026-09-21T01:48:16
393,Kelly Brooks,gwendolynstewart@example.com,East Ronaldshire,KS,Bronze,2026-08-08,2026-09-21T01:48:16
394,Joshua Cunningham,victoria63@example.com,Whiteside,OH,Silver,2025-11-30,2026-09-21T01:48:16
395,Dr. Kenneth Schroeder,qfitzgerald@example.org,South Krista,GA,Silver,2026-02-11,2026-09-21T01:48:16
396,Jordan Hartman,martintamara@example.org,Port Dustinchester,CO,Bronze,2026-05-21,2026-09-21T01:48:16
397,Daniel Miller,ramseysarah@example.com,Jenniferton,WI,Bronze,2025-07-24,2026-09-21T01:48:16
398,Margaret Gonzales,melissagalvan@example.net,Jameshaven,NC,Silver,2025-07-28,2026-09-21T01:48:16
399,Lisa Craig,john02@example.org,Kimberlystad,TN,Bronze,2025-09-03,2026-09-21T01:48:16
400,Kevin Holmes,calhounandrea@example.net,Michaelview,IN,Bronze,2026-01-22,2026-09-21T01:48:16
401,Cheyenne Spears,greenrichard@example.org,New Kellyville,AS,Bronze,2026-01-03,2026-09-21T01:48:16
402,Deanna Medina,heather69@example.com,Port Matthew,WI,Platinum,2026-08-06,2026-09-21T01:48:16
403,Joe Matthews,olsonjonathan@example.com,Lake Jacqueline,AS,Bronze,2025-12-04,2026-09-21T01:48:16
404,Tyler Black,haynesjose@example.com,South Emilymouth,CA,Bronze,2025-08-25,2026-09-21T01:48:16
405,Cassandra Edwards,patriciaadams@example.net,South Jillian,IA,Silver,2026-09-01,2026-09-21T01:48:16
406,Shelley Clark,maryhuff@example.com,Port Daniel,PW,Gold,2025-08-16,2026-09-21T01:48:16
407,Tyler Vasquez,duranamber@example.org,Watsonmouth,NM,Silver,2026-01-06,2026-09-21T01:48:16
408,Sierra Andrews,travis84@example.com,Port Barbara,AR,Bronze,2026-05-28,2026-09-21T01:48:16
409,Jenny Ayers,shawphillip@example.net,South Tiffany,UT,Bronze,2026-08-31,2026-09-21T01:48:16
410,Emily Smith,nicolasgarcia@example.com,Jacobview,IA,Bronze,2025-04-01,2026-09-21T01:48:16
411,Tyler Cooper,victorclark@example.net,Michaelfurt,KY,Gold,2026-01-29,2026-09-21T01:48:16
412,Kenneth Krause,lisale@example.org,Chaseborough,FL,Gold,2026-08-13,2026-09-21T01:48:16
413,Nancy Kennedy,thompsonvictor@example.net,Kristenport,KS,Bronze,2026-06-30,2026-09-21T01:48:16
414,Laura Ross,briancervantes@example.com,South Julieview,MN,Bronze,2026-03-18,2026-09-21T01:48:16
415,Justin Patrick,andrew15@example.net,New Barbara,SD,Bronze,2026-04-20,2026-09-21T01:48:16
416,Veronica Mitchell,emily77@example.org,Austinmouth,SC,Gold,2026-02-22,2026-09-21T01:48:16
417,Sheena Davidson,robert99@example.com,North Fernandobury,MD,Silver,2025-11-29,2026-09-21T01:48:16
418,Eddie Adams,cnelson@example.com,Gutierrezburgh,PR,Gold,2025-11-24,2026-09-21T01:48:16
419,Nicholas Stanley,clarkrandy@example.org,South Amytown,WI,Bronze,2026-05-24,2026-09-21T01:48:16
420,Phillip Miller,christine16@example.com,East Joan,NV,Silver,2026-07-27,2026-09-21T01:48:16
421,Bonnie Roberson,johnsonmichael@example.com,Mcdonaldside,KY,Bronze,2026-04-24,2026-09-21T01:48:16
422,Brandy Fry,brittanybryant@example.net,Millsside,ME,Bronze,2025-09-01,2026-09-21T01:48:16
423,Karen Perez,ramosmichael@example.com,West Alex,NC,Bronze,2025-05-06,2026-09-21T01:48:16
424,Sarah Cooper,snichols@example.com,Evanschester,AS,Gold,2026-03-04,2026-09-21T01:48:16
425,David Smith,jacob86@example.com,East Jennifer,SD,Bronze,2026-06-23,2026-09-21T01:48:16
426,James Baker,hgarrett@example.net,Justinside,AS,Bronze,2026-07-10,2026-09-21T01:48:16
427,Cole Jones,keithwalsh@example.net,Nelsonfort,ID,Bronze,2025-08-24,2026-09-21T01:48:16
428,Christian Booker,lopezcurtis@example.com,Lake Samuel,AL,Bronze,2025-09-04,2026-09-21T01:48:16
429,Chris Snyder,robert75@example.com,West Christopherberg,AR,Bronze,2025-12-26,2026-09-21T01:48:16
430,James Daniels,jamesskinner@example.com,North Theresabury,MS,Gold,2026-05-11,2026-09-21T01:48:29
431,Jessica Rojas,gonzalezjill@example.org,South Paul,ME,Gold,2026-03-01,2026-09-21T01:48:16
432,Caitlin Chandler,kingdanielle@example.org,Paigeborough,DE,Platinum,2026-04-23,2026-09-21T01:48:16
433,Jeffrey Smith,brenda63@example.org,New Kristenfort,UT,Platinum,2026-08-11,2026-09-21T01:48:29
434,Jacqueline Davis,vincentparks@example.com,North Michaelberg,UT,Silver,2025-05-05,2026-09-21T01:48:16
435,Ashley Freeman,tina57@example.net,North Hannah,MI,Silver,2025-11-25,2026-09-21T01:48:16
436,Danielle Williams,ihansen@example.net,Lopezburgh,ND,Platinum,2026-01-18,2026-09-21T01:48:16
437,Nicholas Hill,caseymoore@example.com,Ambermouth,AL,Bronze,2025-06-30,2026-09-21T01:48:16
438,Katie Gross,harveymichael@example.net,West Jennifer,TN,Silver,2025-07-08,2026-09-21T01:48:16
439,Sabrina Lee,jcannon@example.net,Marcusmouth,DE,Bronze,2025-07-10,2026-09-21T01:48:16
440,Matthew Williams,gregoryjohnson@example.org,Leeton,OK,Gold,2026-01-30,2026-09-21T01:48:16
441,Jasmine Burns,brandon39@example.net,North Sarahborough,SD,Bronze,2025-05-16,2026-09-21T01:48:16
442,Steve Miller PhD,wardjulia@example.com,Lauraton,GU,Bronze,2025-05-26,2026-09-21T01:48:16
443,Kendra Navarro,christian38@example.org,Lake Jerryfurt,ID,Bronze,2026-04-17,2026-09-21T01:48:16
444,Matthew Hudson,angelagrant@example.net,Port Daniellestad,TX,Bronze,2025-12-05,2026-09-21T01:48:16
445,Maurice Andrade,laurapierce@example.net,Dianeside,PA,Bronze,2025-09-30,2026-09-21T01:48:16
446,Harold Edwards,megan66@example.net,Charleneshire,ND,Silver,2025-06-18,2026-09-21T01:48:16
447,Ralph Howe,michael77@example.com,Lake Austinport,PA,Silver,2026-04-25,2026-09-21T01:48:16
448,Chad Zamora,evansjeffrey@example.com,Port Lynnview,PW,Bronze,2025-12-01,2026-09-21T01:48:16
449,Kristie Howe,clintonstevens@example.org,West Michael,OR,Bronze,2025-08-23,2026-09-21T01:48:16
450,David Evans,ncarroll@example.net,Lake Markfort,HI,Bronze,2025-12-15,2026-09-21T01:48:16
451,Steven Warner PhD,larsonkevin@example.net,Millerton,PW,Gold,2025-04-08,2026-09-21T01:48:16
452,Hannah Montoya,hconrad@example.org,Lake Kimberlyfurt,AR,Gold,2026-07-19,2026-09-21T01:48:16
453,Andrew Fernandez,markwolfe@example.org,Lake Jessicafurt,NV,Bronze,2025-09-07,2026-09-21T01:48:16
454,Laura Davis,zroberts@example.org,West Christopher,OK,Platinum,2026-03-18,2026-09-21T01:48:16
455,Kimberly Baker,xshaw@example.net,Port Dennis,OH,Silver,2026-01-30,2026-09-21T01:48:16
456,James Duncan,johnadams@example.com,Gailshire,CO,Silver,2026-06-07,2026-09-21T01:48:16
457,Jason Diaz,malikwheeler@example.org,Garystad,RI,Gold,2026-07-10,2026-09-21T01:48:16
458,Rebekah Hanson,owilliams@example.org,Ericland,DE,Platinum,2025-10-19,2026-09-21T01:48:16
459,Dana Oliver,mistywilkins@example.org,Heatherville,ME,Bronze,2026-08-06,2026-09-21T01:48:16
460,Alexander Clark,jamesmills@example.com,Ericmouth,CT,Silver,2026-04-24,2026-09-21T01:48:29
461,Alicia Aguilar,scottbrian@example.org,Briantown,CA,Platinum,2026-01-26,2026-09-21T01:48:16
462,Devon Christian,michelle04@example.net,Hallfurt,NY,Bronze,2026-01-26,2026-09-21T01:48:16
463,Ariana Stewart,lopezvincent@example.com,North Johnhaven,ME,Bronze,2026-05-09,2026-09-21T01:48:16
464,James Moore,gabrielle54@example.org,Lisaview,FM,Gold,2025-05-19,2026-09-21T01:48:16
465,Zachary Mooney,jeremiah56@example.net,North Jessica,NC,Platinum,2026-08-20,2026-09-21T01:48:29
466,Lisa Garrett,robertberry@example.com,Reneemouth,NV,Silver,2026-01-17,2026-09-21T01:48:16
467,Christine Taylor,michelleparker@example.net,South Wendy,WI,Silver,2025-11-20,2026-09-21T01:48:16
468,Timothy Stark,carlos81@example.org,Maryberg,VA,Bronze,2026-03-25,2026-09-21T01:48:16
469,Fernando Dudley,vturner@example.net,Edwinborough,CT,Silver,2025-10-10,2026-09-21T01:48:16
470,Alexander Odom,catherine93@example.net,East Grace,MI,Silver,2025-08-17,2026-09-21T01:48:16
471,Richard Anderson,xjoseph@example.org,Barbaraland,AZ,Bronze,2025-05-09,2026-09-21T01:48:29
472,Andrew Duran,schaeferstephanie@example.org,Port James,HI,Bronze,2026-06-24,2026-09-21T01:48:16
473,Victoria Camacho,dwatts@example.org,Sullivanton,PA,Silver,2026-04-07,2026-09-21T01:48:16
474,Jamie Edwards,meyershannon@example.org,New Amanda,WA,Platinum,2025-06-30,2026-09-21T01:48:29
475,James Hubbard,leescott@example.com,Stevenchester,LA,Silver,2026-02-27,2026-09-21T01:48:16
476,Amy Black,stevenlucas@example.org,East Kimberlyside,DC,Bronze,2025-09-25,2026-09-21T01:48:16
477,Frank Johnson,tgarza@example.org,Davismouth,UT,Bronze,2026-04-08,2026-09-21T01:48:16
478,Michelle Martin,davisjasmin@example.net,Christopherfurt,VA,Gold,2026-01-03,2026-09-21T01:48:16
479,Kayla Herring,cpierce@example.org,Arianaberg,GA,Gold,2025-12-18,2026-09-21T01:48:16
480,Cassidy Joseph,uparker@example.com,Courtneyville,MH,Platinum,2026-08-05,2026-09-21T01:48:16
481,Dale Dean,alexander77@example.net,New Nicolebury,IL,Silver,2026-01-26,2026-09-21T01:48:16
482,Karen Ortiz,burkeadam@example.net,Christineside,GU,Gold,2026-03-11,2026-09-21T01:48:16
483,Amber Hernandez,benjamin09@example.net,Markland,AR,Platinum,2026-07-22,2026-09-21T01:48:16
484,Xavier Martin,cheryl99@example.net,South Kara,MN,Silver,2025-08-21,2026-09-21T01:48:16
485,Anna Evans,priscilla16@example.net,West Thomasville,UT,Gold,2025-11-16,2026-09-21T01:48:16
486,Erin Gutierrez,heathersalazar@example.org,South Jenniferport,NE,Platinum,2026-05-10,2026-09-21T01:48:16
487,Emily Fox,sara99@example.com,Vasquezburgh,FM,Bronze,2026-04-08,2026-09-21T01:48:16
488,Michelle Krause,wilsonsteven@example.org,Port Christina,MT,Bronze,2026-05-08,2026-09-21T01:48:16
489,Gene Castro,alexharris@example.com,Kristyport,ME,Bronze,2025-08-03,2026-09-21T01:48:16
490,Erica Smith,matthew99@example.org,East Mark,MA,Silver,2025-12-23,2026-09-21T01:48:16
491,Karen Wells,brewertimothy@example.net,Mcclainside,MH,Bronze,2026-04-14,2026-09-21T01:48:16
492,Richard Gutierrez,conleykevin@example.net,Angelatown,IL,Bronze,2025-11-24,2026-09-21T01:48:16
493,Evelyn Hendricks,carl24@example.org,Tonyaside,MP,Gold,2026-02-28,2026-09-21T01:48:16
494,Larry Lopez,hancockkaren@example.net,Jenniferview,MT,Silver,2025-11-11,2026-09-21T01:48:16
495,Shawn Watson,javier42@example.org,Kristenborough,PW,Gold,2026-07-18,2026-09-21T01:48:16
496,Jonathan Lloyd,jamesmclean@example.net,Kimberlyberg,WI,Silver,2026-02-02,2026-09-21T01:48:16
497,Samantha Hurley,jamiejohnson@example.com,North Larryton,TX,Bronze,2025-07-27,2026-09-21T01:48:16
498,Shelby Cook,garciakatie@example.net,Andrewport,SC,Bronze,2025-05-07,2026-09-21T01:48:16
499,Erica Lee,amanda71@example.com,East Joshua,AL,Bronze,2026-08-16,2026-09-21T01:48:16
500,Kristin Garcia,andrea42@example.net,Audreyburgh,CA,Gold,2025-11-25,2026-09-21T01:48:16
501,Steven Fernandez,andersonthomas@example.net,North Patrickland,NE,Bronze,2025-08-15,2026-09-21T01:48:16
502,Michael Vance,tjensen@example.com,Lake Katherine,AS,Silver,2026-04-13,2026-09-21T01:48:16
503,Valerie Campos,fbradley@example.net,Davisport,TX,Silver,2026-06-02,2026-09-21T01:48:16
504,Pamela Ruiz,douglashuang@example.com,Philipmouth,WY,Gold,2025-09-04,2026-09-21T01:48:16
505,Erika Freeman,alvarezmichael@example.com,West Katrina,PA,Gold,2025-07-09,2026-09-21T01:48:16
506,Katie Sullivan,nguyendebra@example.com,Moraleschester,IA,Gold,2026-05-21,2026-09-21T01:48:16
507,Kimberly Dickson,njones@example.net,Muellerchester,OK,Bronze,2026-01-10,2026-09-21T01:48:16
508,Kimberly Young,stevensonjennifer@example.com,New Caitlinmouth,OH,Bronze,2026-04-13,2026-09-21T01:48:16
509,Jeremy Parker,gjones@example.net,Murphyton,CO,Platinum,2026-06-28,2026-09-21T01:48:16
510,Charles Carpenter,shermandonna@example.com,Petershire,NV,Bronze,2026-04-05,2026-09-21T01:48:16
511,Michael Stewart,samantha65@example.org,New Valeriefurt,PR,Bronze,2026-04-10,2026-09-21T01:48:16
512,Edward Wood,smithann@example.com,Port Juliantown,IA,Bronze,2026-04-01,2026-09-21T01:48:16
513,Kevin Garrett,bsullivan@example.net,Lake Glenn,DC,Bronze,2026-01-06,2026-09-21T01:48:16
514,James Middleton,qmoore@example.org,North Charles,AK,Gold,2025-08-02,2026-09-21T01:48:16
515,Stephen Barrett,christophermay@example.com,Englishchester,RI,Bronze,2026-07-08,2026-09-21T01:48:16
516,Jordan Arnold,ocruz@example.org,Jacobsshire,NM,Silver,2025-11-02,2026-09-21T01:48:16
517,Cynthia Shaw,khouse@example.com,North Ashleystad,DE,Bronze,2025-04-20,2026-09-21T01:48:16
518,Tonya Miller,steven18@example.net,East Thomasland,TX,Silver,2026-03-06,2026-09-21T01:48:29
519,Rebecca Edwards,bergeramanda@example.org,Gibsonfort,OK,Silver,2025-08-05,2026-09-21T01:48:16
520,Jennifer Yu,keith09@example.net,Jessicashire,KS,Bronze,2025-10-26,2026-09-21T01:48:16
521,John Jackson,douglaskelly@example.net,West Toddberg,NY,Silver,2025-10-28,2026-09-21T01:48:16
522,Richard King,joshua40@example.net,New Gregshire,WA,Bronze,2025-11-23,2026-09-21T01:48:16
523,Jeremy Morton,kimberly37@example.org,West Traceyberg,PA,Silver,2025-08-28,2026-09-21T01:48:16
524,Brittany Crawford,ptownsend@example.net,Barberburgh,IL,Bronze,2025-04-01,2026-09-21T01:48:16
525,Sarah Brown,karla10@example.org,Rossport,NJ,Platinum,2025-08-25,2026-09-21T01:48:16
526,Nicole Patel,yvega@example.com,Dustinchester,AL,Silver,2025-12-11,2026-09-21T01:48:16
527,Robert Reyes,suzanne01@example.net,Stephaniechester,RI,Silver,2025-07-20,2026-09-21T01:48:16
528,Shannon Rogers,leah49@example.com,Mejiabury,VA,Bronze,2025-04-25,2026-09-21T01:48:16
529,Patricia Meyer,lawrencesmith@example.org,North Roberthaven,CT,Silver,2026-03-31,2026-09-21T01:48:16
530,Heather Hardy,james09@example.org,New Dianeborough,PA,Silver,2025-11-28,2026-09-21T01:48:16
531,Michelle Wilson,nicholasgallagher@example.net,North Heather,KS,Bronze,2025-04-15,2026-09-21T01:48:16
532,Matthew Jones,rlivingston@example.com,Jonathanland,KY,Bronze,2025-05-22,2026-09-21T01:48:16
533,Janet Cook,scottlisa@example.org,Jonesborough,RI,Bronze,2026-06-04,2026-09-21T01:48:16
534,Matthew Rodriguez,probinson@example.org,Baldwinville,AZ,Bronze,2025-06-03,2026-09-21T01:48:16
535,Kenneth King,fsmith@example.org,North Elizabethview,FL,Bronze,2026-04-04,2026-09-21T01:48:16
536,Summer Andrews,zmendoza@example.net,New Jeremiahfurt,UT,Bronze,2025-07-19,2026-09-21T01:48:16
537,Karen Bradley,mathew46@example.org,West Amandamouth,CO,Gold,2025-11-11,2026-09-21T01:48:16
538,Paige Roberts,gregorywilliams@example.com,West Heather,MH,Silver,2025-05-13,2026-09-21T01:48:16
539,Michael Tucker,imoss@example.org,North Jennifer,OR,Bronze,2026-09-14,2026-09-21T01:48:16
540,James Sparks,victor70@example.org,Brianton,MO,Bronze,2025-04-30,2026-09-21T01:48:16
541,Robert Contreras,ibentley@example.org,North Benjamin,FL,Gold,2026-08-02,2026-09-21T01:48:16
542,Alec Meadows DDS,jacquelineanderson@example.org,West Loriville,NH,Silver,2026-06-09,2026-09-21T01:48:16
543,Sara Brown,wilsonbrooke@example.net,North Linda,NE,Silver,2026-08-14,2026-09-21T01:48:16
544,Russell Rojas,rnguyen@example.net,West Mary,WY,Bronze,2026-06-27,2026-09-21T01:48:16
545,Angel Thompson,martinezdonald@example.com,Lake Mitchell,GA,Bronze,2025-06-20,2026-09-21T01:48:16
546,Timothy Williams,moodycrystal@example.com,North Nichole,CO,Bronze,2025-08-28,2026-09-21T01:48:16
547,Christopher Davis,robert72@example.org,Jasonfort,MO,Silver,2026-01-05,2026-09-21T01:48:29
548,Todd Bishop,carlsonjennifer@example.net,Lake Margaretport,MI,Bronze,2026-02-25,2026-09-21T01:48:16
549,Justin Lee,montgomerymichelle@example.net,South Kaylee,TN,Bronze,2026-01-25,2026-09-21T01:48:16
550,Anthony Rodriguez,ginaschmitt@example.com,Thompsonton,AR,Silver,2026-06-13,2026-09-21T01:48:29
551,Dominique Hamilton,christina70@example.org,New Gregorytown,NM,Gold,2025-07-25,2026-09-21T01:48:16
552,Andrea Young,uwatkins@example.com,Lake Erica,MD,Bronze,2025-11-05,2026-09-21T01:48:16
553,Brian Perez,joankane@example.com,North Thomas,NM,Bronze,2025-11-18,2026-09-21T01:48:16
554,Jeffrey Robinson,xthompson@example.org,Cortezstad,KY,Bronze,2026-07-07,2026-09-21T01:48:16
555,Cameron Schwartz,ramirezdaniel@example.com,Barnesmouth,IN,Bronze,2025-07-05,2026-09-21T01:48:16
556,Lindsey Clarke,belindatran@example.org,South Melodyfort,VI,Silver,2026-02-13,2026-09-21T01:48:16
557,Leslie Hood MD,pfitzgerald@example.org,Ryanbury,MH,Platinum,2026-04-17,2026-09-21T01:48:16
558,Theresa Mcintyre,butlerbradley@example.com,South Amandafort,AS,Bronze,2026-07-28,2026-09-21T01:48:16
559,Samantha Chavez,christophermullins@example.net,New Roberttown,CO,Bronze,2025-06-25,2026-09-21T01:48:29
560,Matthew Davis,kcaldwell@example.net,Hodgeshire,AK,Silver,2025-07-06,2026-09-21T01:48:16
561,Julie Taylor,xlopez@example.net,Padillatown,VI,Gold,2026-04-15,2026-09-21T01:48:16
562,Janice Vazquez,phillipskaren@example.net,Port Gail,RI,Silver,2025-05-30,2026-09-21T01:48:16
563,Nancy Brown,pamela16@example.com,Harveystad,MN,Silver,2026-03-02,2026-09-21T01:48:16
564,Justin Jones,devonrogers@example.net,Lake Timothyshire,VI,Bronze,2026-05-24,2026-09-21T01:48:16
565,Christine Mcgee,lukehurst@example.net,Ramirezland,MN,Gold,2026-06-06,2026-09-21T01:48:16
566,John Rose,harrisonamanda@example.net,Port Keith,CO,Platinum,2025-05-21,2026-09-21T01:48:29
567,Melissa Spence,lopeznicole@example.org,South Rachaelport,CA,Bronze,2026-02-12,2026-09-21T01:48:16
568,Donald Terry,nhernandez@example.net,West Robertside,DC,Bronze,2026-08-31,2026-09-21T01:48:16
569,Jason Rojas,carterbryan@example.org,Robertmouth,SD,Bronze,2026-08-05,2026-09-21T01:48:16
570,Erin Watkins,kellis@example.org,Georgeview,IN,Bronze,2025-07-18,2026-09-21T01:48:16
571,Dr. Randy Williams,justin29@example.org,Thomasberg,IA,Bronze,2026-04-10,2026-09-21T01:48:29
572,Summer Bauer,johnwilliams@example.com,South Jorge,HI,Silver,2026-01-09,2026-09-21T01:48:16
573,Michael Wade,earl78@example.org,Davidtown,MO,Gold,2026-06-12,2026-09-21T01:48:16
574,Patricia Gould,eric88@example.com,Thomasport,WV,Silver,2025-04-25,2026-09-21T01:48:16
575,Ms. Bridget Cunningham,hmorgan@example.net,Robinsonshire,KY,Bronze,2025-12-28,2026-09-21T01:48:29
576,Elizabeth Morales,seandavis@example.org,New Alicia,WY,Silver,2026-01-03,2026-09-21T01:48:16
577,Diana Johnson,frhodes@example.net,Leemouth,PA,Gold,2026-02-09,2026-09-21T01:48:16
578,Terri Kerr,raymond65@example.com,Alexanderstad,MI,Bronze,2026-03-24,2026-09-21T01:48:16
579,Jeremy Hoffman,jessicawallace@example.com,Robertschester,VA,Silver,2025-08-23,2026-09-21T01:48:16
580,Brenda Matthews,thomaskevin@example.net,Carlshire,WV,Bronze,2026-05-14,2026-09-21T01:48:16
581,Aaron Fowler,robert87@example.net,East Jacob,MS,Bronze,2025-04-30,2026-09-21T01:48:16
582,John Carson,mary47@example.net,Walkertown,FL,Bronze,2025-11-05,2026-09-21T01:48:16
583,Tyler Flowers,qmartinez@example.com,Whitebury,AK,Bronze,2026-07-07,2026-09-21T01:48:16
584,Donald Gamble,georgemichael@example.com,Oneillfort,UT,Bronze,2026-04-12,2026-09-21T01:48:16
585,Jacqueline Quinn,brucefrancisco@example.org,West Steven,UT,Silver,2026-02-25,2026-09-21T01:48:16
586,Christopher Nelson,wfields@example.org,Kellyland,NY,Gold,2025-06-24,2026-09-21T01:48:16
587,Mark Duran,amybrennan@example.net,Josephstad,CT,Bronze,2025-09-05,2026-09-21T01:48:16
588,Heather Thomas,aprilwatson@example.com,Petersonburgh,CT,Silver,2025-05-19,2026-09-21T01:48:16
589,Jonathan Decker,butlersabrina@example.org,North Timothy,ME,Bronze,2026-01-02,2026-09-21T01:48:16
590,Brenda Ramos,gerald40@example.net,East Davidberg,UT,Bronze,2026-06-07,2026-09-21T01:48:16
591,Calvin Anderson,colemankathryn@example.org,North Kimchester,AZ,Bronze,2026-06-25,2026-09-21T01:48:16
592,Andrew Keller,harrisonrebekah@example.org,Michaelview,UT,Silver,2025-11-05,2026-09-21T01:48:29
593,Lance Matthews,jackbell@example.org,Port Julie,KY,Bronze,2025-07-24,2026-09-21T01:48:16
594,Hannah Martin,williamjones@example.net,New Jayborough,LA,Bronze,2025-07-21,2026-09-21T01:48:16
595,Paul Smith,glasssamantha@example.net,Richardsonshire,HI,Bronze,2026-08-10,2026-09-21T01:48:16
596,Tyler White,tina63@example.net,South Daniel,MD,Bronze,2026-02-08,2026-09-21T01:48:16
597,Brian Taylor,janet80@example.org,Tristanfurt,LA,Platinum,2026-05-08,2026-09-21T01:48:16
598,Noah Mcdaniel,aperez@example.com,Lopezland,MH,Bronze,2025-05-25,2026-09-21T01:48:16
599,Karen Shelton,alexandercraig@example.net,South Samuelland,DE,Gold,2026-02-01,2026-09-21T01:48:16
600,James Garza,figueroapatricia@example.org,West Theresamouth,ID,Silver,2025-08-17,2026-09-21T01:48:16
